Search Date,Airport,Product Name,From Date,To Date,Price
Mon Jan 08 2024 14:43:06 GMT+0000 (Greenwich Mean Time),Birmingham,APH Self Park,2024-01-09,2024-01-16,£64.99
Mon Jan 08 2024 14:43:06 GMT+0000 (Greenwich Mean Time),Birmingham,Official Airport Car Park 5 - Flex Plus,2024-01-09,2024-01-16,£74.99
Mon Jan 08 2024 14:43:06 GMT+0000 (Greenwich Mean Time),Birmingham,Airport Parking - BHX - Park & Ride,2024-01-09,2024-01-16,£47.20
Mon Jan 08 2024 14:43:06 GMT+0000 (Greenwich Mean Time),Birmingham,Airport Parking - BHX - Self Park,2024-01-09,2024-01-16,£52.30
Mon Jan 08 2024 14:43:06 GMT+0000 (Greenwich Mean Time),Birmingham,Airparks Self Park,2024-01-09,2024-01-16,£64.99
Mon Jan 08 2024 14:43:06 GMT+0000 (Greenwich Mean Time),Birmingham,Airparks Express,2024-01-09,2024-01-16,£70.99
Mon Jan 08 2024 14:43:06 GMT+0000 (Greenwich Mean Time),Birmingham,Official Airport Car Park 2 & 3 - Flex Plus,2024-01-09,2024-01-16,£89.99
Mon Jan 08 2024 14:43:06 GMT+0000 (Greenwich Mean Time),Birmingham,Official Airport Car Park 1 - Flex Plus,2024-01-09,2024-01-16,£92.80
Mon Jan 08 2024 14:43:22 GMT+0000 (Greenwich Mean Time),Birmingham,APH Self Park,2024-01-10,2024-01-17,£64.99
Mon Jan 08 2024 14:43:22 GMT+0000 (Greenwich Mean Time),Birmingham,Official Airport Car Park 5 - Flex Plus,2024-01-10,2024-01-17,£74.99
Mon Jan 08 2024 14:43:22 GMT+0000 (Greenwich Mean Time),Birmingham,Official Airport Valet Parking,2024-01-10,2024-01-17,£89.99
Mon Jan 08 2024 14:43:22 GMT+0000 (Greenwich Mean Time),Birmingham,Airport Parking - BHX - Park & Ride,2024-01-10,2024-01-17,£47.20
Mon Jan 08 2024 14:43:22 GMT+0000 (Greenwich Mean Time),Birmingham,Airport Parking - BHX - Self Park,2024-01-10,2024-01-17,£52.30
Mon Jan 08 2024 14:43:22 GMT+0000 (Greenwich Mean Time),Birmingham,Airparks Self Park,2024-01-10,2024-01-17,£64.99
Mon Jan 08 2024 14:43:22 GMT+0000 (Greenwich Mean Time),Birmingham,Airparks Express,2024-01-10,2024-01-17,£70.99
Mon Jan 08 2024 14:43:22 GMT+0000 (Greenwich Mean Time),Birmingham,Official Airport Car Park 2 & 3 - Flex Plus,2024-01-10,2024-01-17,£89.99
Mon Jan 08 2024 14:43:22 GMT+0000 (Greenwich Mean Time),Birmingham,Official Airport Car Park 1 - Flex Plus,2024-01-10,2024-01-17,£92.80
Mon Jan 08 2024 14:43:37 GMT+0000 (Greenwich Mean Time),Birmingham,APH Self Park,2024-01-11,2024-01-18,£64.99
Mon Jan 08 2024 14:43:37 GMT+0000 (Greenwich Mean Time),Birmingham,Official Airport Car Park 5 - Flex Plus,2024-01-11,2024-01-18,£74.99
Mon Jan 08 2024 14:43:37 GMT+0000 (Greenwich Mean Time),Birmingham,Official Airport Valet Parking,2024-01-11,2024-01-18,£89.99
Mon Jan 08 2024 14:43:37 GMT+0000 (Greenwich Mean Time),Birmingham,Airport Parking - BHX - Park & Ride,2024-01-11,2024-01-18,£47.20
Mon Jan 08 2024 14:43:37 GMT+0000 (Greenwich Mean Time),Birmingham,Airport Parking - BHX - Self Park,2024-01-11,2024-01-18,£52.30
Mon Jan 08 2024 14:43:37 GMT+0000 (Greenwich Mean Time),Birmingham,Airparks Self Park,2024-01-11,2024-01-18,£64.99
Mon Jan 08 2024 14:43:37 GMT+0000 (Greenwich Mean Time),Birmingham,Airparks Express,2024-01-11,2024-01-18,£70.99
Mon Jan 08 2024 14:43:37 GMT+0000 (Greenwich Mean Time),Birmingham,Official Airport Car Park 2 & 3 - Flex Plus,2024-01-11,2024-01-18,£89.99
Mon Jan 08 2024 14:43:37 GMT+0000 (Greenwich Mean Time),Birmingham,Official Airport Car Park 1 - Flex Plus,2024-01-11,2024-01-18,£92.80
Mon Jan 08 2024 14:43:52 GMT+0000 (Greenwich Mean Time),Birmingham,APH Self Park,2024-01-12,2024-01-19,£72.99
Mon Jan 08 2024 14:43:52 GMT+0000 (Greenwich Mean Time),Birmingham,Official Airport Car Park 5 - Flex Plus,2024-01-12,2024-01-19,£74.99
Mon Jan 08 2024 14:43:52 GMT+0000 (Greenwich Mean Time),Birmingham,Official Airport Valet Parking,2024-01-12,2024-01-19,£89.99
Mon Jan 08 2024 14:43:52 GMT+0000 (Greenwich Mean Time),Birmingham,Airport Parking - BHX - Park & Ride,2024-01-12,2024-01-19,£47.20
Mon Jan 08 2024 14:43:52 GMT+0000 (Greenwich Mean Time),Birmingham,Airport Parking - BHX - Self Park,2024-01-12,2024-01-19,£52.30
Mon Jan 08 2024 14:43:52 GMT+0000 (Greenwich Mean Time),Birmingham,Airparks Self Park,2024-01-12,2024-01-19,£72.99
Mon Jan 08 2024 14:43:52 GMT+0000 (Greenwich Mean Time),Birmingham,Airparks Express,2024-01-12,2024-01-19,£87.99
Mon Jan 08 2024 14:43:52 GMT+0000 (Greenwich Mean Time),Birmingham,Official Airport Car Park 2 & 3 - Flex Plus,2024-01-12,2024-01-19,£89.99
Mon Jan 08 2024 14:43:52 GMT+0000 (Greenwich Mean Time),Birmingham,Official Airport Car Park 1 - Flex Plus,2024-01-12,2024-01-19,£92.80
Mon Jan 08 2024 14:44:12 GMT+0000 (Greenwich Mean Time),Birmingham,APH Self Park,2024-01-13,2024-01-20,£72.99
Mon Jan 08 2024 14:44:12 GMT+0000 (Greenwich Mean Time),Birmingham,Official Airport Car Park 5 - Flex Plus,2024-01-13,2024-01-20,£74.99
Mon Jan 08 2024 14:44:12 GMT+0000 (Greenwich Mean Time),Birmingham,Official Airport Valet Parking,2024-01-13,2024-01-20,£89.99
Mon Jan 08 2024 14:44:12 GMT+0000 (Greenwich Mean Time),Birmingham,Airport Parking - BHX - Park & Ride,2024-01-13,2024-01-20,£47.20
Mon Jan 08 2024 14:44:12 GMT+0000 (Greenwich Mean Time),Birmingham,Airport Parking - BHX - Self Park,2024-01-13,2024-01-20,£52.30
Mon Jan 08 2024 14:44:12 GMT+0000 (Greenwich Mean Time),Birmingham,Airparks Self Park,2024-01-13,2024-01-20,£72.99
Mon Jan 08 2024 14:44:12 GMT+0000 (Greenwich Mean Time),Birmingham,Airparks Express,2024-01-13,2024-01-20,£79.99
Mon Jan 08 2024 14:44:12 GMT+0000 (Greenwich Mean Time),Birmingham,Official Airport Car Park 2 & 3 - Flex Plus,2024-01-13,2024-01-20,£89.99
Mon Jan 08 2024 14:44:12 GMT+0000 (Greenwich Mean Time),Birmingham,Official Airport Car Park 1 - Flex Plus,2024-01-13,2024-01-20,£92.80
Mon Jan 08 2024 14:44:28 GMT+0000 (Greenwich Mean Time),Birmingham,APH Self Park,2024-01-14,2024-01-21,£69.99
Mon Jan 08 2024 14:44:28 GMT+0000 (Greenwich Mean Time),Birmingham,Official Airport Car Park 5 - Flex Plus,2024-01-14,2024-01-21,£74.99
Mon Jan 08 2024 14:44:28 GMT+0000 (Greenwich Mean Time),Birmingham,Official Airport Valet Parking,2024-01-14,2024-01-21,£89.99
Mon Jan 08 2024 14:44:28 GMT+0000 (Greenwich Mean Time),Birmingham,Airport Parking - BHX - Park & Ride,2024-01-14,2024-01-21,£47.20
Mon Jan 08 2024 14:44:28 GMT+0000 (Greenwich Mean Time),Birmingham,Airport Parking - BHX - Self Park,2024-01-14,2024-01-21,£52.30
Mon Jan 08 2024 14:44:28 GMT+0000 (Greenwich Mean Time),Birmingham,Airparks Self Park,2024-01-14,2024-01-21,£69.99
Mon Jan 08 2024 14:44:28 GMT+0000 (Greenwich Mean Time),Birmingham,Airparks Express,2024-01-14,2024-01-21,£76.99
Mon Jan 08 2024 14:44:28 GMT+0000 (Greenwich Mean Time),Birmingham,Official Airport Car Park 2 & 3 - Flex Plus,2024-01-14,2024-01-21,£89.99
Mon Jan 08 2024 14:44:28 GMT+0000 (Greenwich Mean Time),Birmingham,Official Airport Car Park 1 - Flex Plus,2024-01-14,2024-01-21,£92.80
Mon Jan 08 2024 14:44:43 GMT+0000 (Greenwich Mean Time),Birmingham,APH Self Park,2024-01-15,2024-01-22,£69.99
Mon Jan 08 2024 14:44:43 GMT+0000 (Greenwich Mean Time),Birmingham,Official Airport Car Park 5 - Flex Plus,2024-01-15,2024-01-22,£74.99
Mon Jan 08 2024 14:44:43 GMT+0000 (Greenwich Mean Time),Birmingham,Official Airport Valet Parking,2024-01-15,2024-01-22,£89.99
Mon Jan 08 2024 14:44:43 GMT+0000 (Greenwich Mean Time),Birmingham,Airport Parking - BHX - Park & Ride,2024-01-15,2024-01-22,£47.20
Mon Jan 08 2024 14:44:43 GMT+0000 (Greenwich Mean Time),Birmingham,Airport Parking - BHX - Self Park,2024-01-15,2024-01-22,£52.30
Mon Jan 08 2024 14:44:43 GMT+0000 (Greenwich Mean Time),Birmingham,Airparks Self Park,2024-01-15,2024-01-22,£69.99
Mon Jan 08 2024 14:44:43 GMT+0000 (Greenwich Mean Time),Birmingham,Airparks Express,2024-01-15,2024-01-22,£76.99
Mon Jan 08 2024 14:44:43 GMT+0000 (Greenwich Mean Time),Birmingham,Official Airport Car Park 2 & 3 - Flex Plus,2024-01-15,2024-01-22,£89.99
Mon Jan 08 2024 14:44:43 GMT+0000 (Greenwich Mean Time),Birmingham,Official Airport Car Park 1 - Flex Plus,2024-01-15,2024-01-22,£92.80
Mon Jan 08 2024 14:44:59 GMT+0000 (Greenwich Mean Time),Birmingham,APH Self Park,2024-01-16,2024-01-23,£69.99
Mon Jan 08 2024 14:44:59 GMT+0000 (Greenwich Mean Time),Birmingham,Official Airport Car Park 5 - Flex Plus,2024-01-16,2024-01-23,£74.99
Mon Jan 08 2024 14:44:59 GMT+0000 (Greenwich Mean Time),Birmingham,Official Airport Valet Parking,2024-01-16,2024-01-23,£89.99
Mon Jan 08 2024 14:44:59 GMT+0000 (Greenwich Mean Time),Birmingham,Airport Parking - BHX - Park & Ride,2024-01-16,2024-01-23,£47.20
Mon Jan 08 2024 14:44:59 GMT+0000 (Greenwich Mean Time),Birmingham,Airport Parking - BHX - Self Park,2024-01-16,2024-01-23,£52.30
Mon Jan 08 2024 14:44:59 GMT+0000 (Greenwich Mean Time),Birmingham,Airparks Self Park,2024-01-16,2024-01-23,£69.99
Mon Jan 08 2024 14:44:59 GMT+0000 (Greenwich Mean Time),Birmingham,Airparks Express,2024-01-16,2024-01-23,£76.99
Mon Jan 08 2024 14:44:59 GMT+0000 (Greenwich Mean Time),Birmingham,Official Airport Car Park 2 & 3 - Flex Plus,2024-01-16,2024-01-23,£89.99
Mon Jan 08 2024 14:44:59 GMT+0000 (Greenwich Mean Time),Birmingham,Official Airport Car Park 1 - Flex Plus,2024-01-16,2024-01-23,£92.80
Mon Jan 08 2024 14:45:17 GMT+0000 (Greenwich Mean Time),Birmingham,APH Self Park,2024-01-17,2024-01-24,£69.99
Mon Jan 08 2024 14:45:17 GMT+0000 (Greenwich Mean Time),Birmingham,Official Airport Car Park 5 - Flex Plus,2024-01-17,2024-01-24,£74.99
Mon Jan 08 2024 14:45:17 GMT+0000 (Greenwich Mean Time),Birmingham,Official Airport Valet Parking,2024-01-17,2024-01-24,£89.99
Mon Jan 08 2024 14:45:17 GMT+0000 (Greenwich Mean Time),Birmingham,Airport Parking - BHX - Park & Ride,2024-01-17,2024-01-24,£47.20
Mon Jan 08 2024 14:45:17 GMT+0000 (Greenwich Mean Time),Birmingham,Airport Parking - BHX - Self Park,2024-01-17,2024-01-24,£52.30
Mon Jan 08 2024 14:45:17 GMT+0000 (Greenwich Mean Time),Birmingham,Airparks Self Park,2024-01-17,2024-01-24,£69.99
Mon Jan 08 2024 14:45:17 GMT+0000 (Greenwich Mean Time),Birmingham,Airparks Express,2024-01-17,2024-01-24,£76.99
Mon Jan 08 2024 14:45:17 GMT+0000 (Greenwich Mean Time),Birmingham,Official Airport Car Park 2 & 3 - Flex Plus,2024-01-17,2024-01-24,£89.99
Mon Jan 08 2024 14:45:17 GMT+0000 (Greenwich Mean Time),Birmingham,Official Airport Car Park 1 - Flex Plus,2024-01-17,2024-01-24,£92.80
Mon Jan 08 2024 14:45:33 GMT+0000 (Greenwich Mean Time),Birmingham,APH Self Park,2024-01-18,2024-01-25,£72.99
Mon Jan 08 2024 14:45:33 GMT+0000 (Greenwich Mean Time),Birmingham,Official Airport Car Park 5 - Flex Plus,2024-01-18,2024-01-25,£74.99
Mon Jan 08 2024 14:45:33 GMT+0000 (Greenwich Mean Time),Birmingham,Official Airport Valet Parking,2024-01-18,2024-01-25,£89.99
Mon Jan 08 2024 14:45:33 GMT+0000 (Greenwich Mean Time),Birmingham,Airport Parking - BHX - Park & Ride,2024-01-18,2024-01-25,£47.20
Mon Jan 08 2024 14:45:33 GMT+0000 (Greenwich Mean Time),Birmingham,Airport Parking - BHX - Self Park,2024-01-18,2024-01-25,£52.30
Mon Jan 08 2024 14:45:33 GMT+0000 (Greenwich Mean Time),Birmingham,Airparks Self Park,2024-01-18,2024-01-25,£72.99
Mon Jan 08 2024 14:45:33 GMT+0000 (Greenwich Mean Time),Birmingham,Airparks Express,2024-01-18,2024-01-25,£79.99
Mon Jan 08 2024 14:45:33 GMT+0000 (Greenwich Mean Time),Birmingham,Official Airport Car Park 2 & 3 - Flex Plus,2024-01-18,2024-01-25,£89.99
Mon Jan 08 2024 14:45:33 GMT+0000 (Greenwich Mean Time),Birmingham,Official Airport Car Park 1 - Flex Plus,2024-01-18,2024-01-25,£92.80
Mon Jan 08 2024 14:45:48 GMT+0000 (Greenwich Mean Time),Birmingham,APH Self Park,2024-01-19,2024-01-26,£72.99
Mon Jan 08 2024 14:45:48 GMT+0000 (Greenwich Mean Time),Birmingham,Official Airport Car Park 5 - Flex Plus,2024-01-19,2024-01-26,£74.99
Mon Jan 08 2024 14:45:48 GMT+0000 (Greenwich Mean Time),Birmingham,Official Airport Valet Parking,2024-01-19,2024-01-26,£89.99
Mon Jan 08 2024 14:45:48 GMT+0000 (Greenwich Mean Time),Birmingham,Airport Parking - BHX - Park & Ride,2024-01-19,2024-01-26,£47.20
Mon Jan 08 2024 14:45:48 GMT+0000 (Greenwich Mean Time),Birmingham,Airport Parking - BHX - Self Park,2024-01-19,2024-01-26,£52.30
Mon Jan 08 2024 14:45:48 GMT+0000 (Greenwich Mean Time),Birmingham,Airparks Self Park,2024-01-19,2024-01-26,£72.99
Mon Jan 08 2024 14:45:48 GMT+0000 (Greenwich Mean Time),Birmingham,Airparks Express,2024-01-19,2024-01-26,£87.99
Mon Jan 08 2024 14:45:48 GMT+0000 (Greenwich Mean Time),Birmingham,Official Airport Car Park 2 & 3 - Flex Plus,2024-01-19,2024-01-26,£89.99
Mon Jan 08 2024 14:45:48 GMT+0000 (Greenwich Mean Time),Birmingham,Official Airport Car Park 1 - Flex Plus,2024-01-19,2024-01-26,£92.80
Mon Jan 08 2024 14:46:03 GMT+0000 (Greenwich Mean Time),Birmingham,APH Self Park,2024-01-20,2024-01-27,£72.99
Mon Jan 08 2024 14:46:03 GMT+0000 (Greenwich Mean Time),Birmingham,Official Airport Car Park 5 - Flex Plus,2024-01-20,2024-01-27,£74.99
Mon Jan 08 2024 14:46:03 GMT+0000 (Greenwich Mean Time),Birmingham,Official Airport Valet Parking,2024-01-20,2024-01-27,£89.99
Mon Jan 08 2024 14:46:03 GMT+0000 (Greenwich Mean Time),Birmingham,Airport Parking - BHX - Park & Ride,2024-01-20,2024-01-27,£47.20
Mon Jan 08 2024 14:46:04 GMT+0000 (Greenwich Mean Time),Birmingham,Airport Parking - BHX - Self Park,2024-01-20,2024-01-27,£52.30
Mon Jan 08 2024 14:46:04 GMT+0000 (Greenwich Mean Time),Birmingham,Airparks Self Park,2024-01-20,2024-01-27,£72.99
Mon Jan 08 2024 14:46:04 GMT+0000 (Greenwich Mean Time),Birmingham,Airparks Express,2024-01-20,2024-01-27,£83.99
Mon Jan 08 2024 14:46:04 GMT+0000 (Greenwich Mean Time),Birmingham,Official Airport Car Park 2 & 3 - Flex Plus,2024-01-20,2024-01-27,£89.99
Mon Jan 08 2024 14:46:04 GMT+0000 (Greenwich Mean Time),Birmingham,Official Airport Car Park 1 - Flex Plus,2024-01-20,2024-01-27,£92.80
Mon Jan 08 2024 14:46:19 GMT+0000 (Greenwich Mean Time),Birmingham,APH Self Park,2024-01-21,2024-01-28,£69.99
Mon Jan 08 2024 14:46:19 GMT+0000 (Greenwich Mean Time),Birmingham,Official Airport Car Park 5 - Flex Plus,2024-01-21,2024-01-28,£74.99
Mon Jan 08 2024 14:46:19 GMT+0000 (Greenwich Mean Time),Birmingham,Official Airport Valet Parking,2024-01-21,2024-01-28,£89.99
Mon Jan 08 2024 14:46:19 GMT+0000 (Greenwich Mean Time),Birmingham,Airport Parking - BHX - Park & Ride,2024-01-21,2024-01-28,£47.20
Mon Jan 08 2024 14:46:19 GMT+0000 (Greenwich Mean Time),Birmingham,Airport Parking - BHX - Self Park,2024-01-21,2024-01-28,£52.30
Mon Jan 08 2024 14:46:19 GMT+0000 (Greenwich Mean Time),Birmingham,Airparks - Park and Ride,2024-01-21,2024-01-28,£65.99
Mon Jan 08 2024 14:46:19 GMT+0000 (Greenwich Mean Time),Birmingham,Airparks Express,2024-01-21,2024-01-28,£79.99
Mon Jan 08 2024 14:46:19 GMT+0000 (Greenwich Mean Time),Birmingham,Official Airport Car Park 2 & 3 - Flex Plus,2024-01-21,2024-01-28,£89.99
Mon Jan 08 2024 14:46:19 GMT+0000 (Greenwich Mean Time),Birmingham,Official Airport Car Park 1 - Flex Plus,2024-01-21,2024-01-28,£89.99
Mon Jan 08 2024 14:46:33 GMT+0000 (Greenwich Mean Time),Birmingham,APH Self Park,2024-01-22,2024-01-29,£69.99
Mon Jan 08 2024 14:46:33 GMT+0000 (Greenwich Mean Time),Birmingham,Official Airport Car Park 5 - Flex Plus,2024-01-22,2024-01-29,£74.99
Mon Jan 08 2024 14:46:33 GMT+0000 (Greenwich Mean Time),Birmingham,Official Airport Valet Parking,2024-01-22,2024-01-29,£89.99
Mon Jan 08 2024 14:46:33 GMT+0000 (Greenwich Mean Time),Birmingham,Airport Parking - BHX - Park & Ride,2024-01-22,2024-01-29,£47.20
Mon Jan 08 2024 14:46:33 GMT+0000 (Greenwich Mean Time),Birmingham,Airport Parking - BHX - Self Park,2024-01-22,2024-01-29,£52.30
Mon Jan 08 2024 14:46:33 GMT+0000 (Greenwich Mean Time),Birmingham,Airparks - Park and Ride,2024-01-22,2024-01-29,£65.99
Mon Jan 08 2024 14:46:33 GMT+0000 (Greenwich Mean Time),Birmingham,Airparks Express,2024-01-22,2024-01-29,£79.99
Mon Jan 08 2024 14:46:33 GMT+0000 (Greenwich Mean Time),Birmingham,Official Airport Car Park 2 & 3 - Flex Plus,2024-01-22,2024-01-29,£89.99
Mon Jan 08 2024 14:46:33 GMT+0000 (Greenwich Mean Time),Birmingham,Official Airport Car Park 1 - Flex Plus,2024-01-22,2024-01-29,£89.99
Mon Jan 08 2024 14:46:51 GMT+0000 (Greenwich Mean Time),Birmingham,APH Self Park,2024-01-23,2024-01-30,£69.99
Mon Jan 08 2024 14:46:51 GMT+0000 (Greenwich Mean Time),Birmingham,Official Airport Car Park 5 - Flex Plus,2024-01-23,2024-01-30,£74.99
Mon Jan 08 2024 14:46:51 GMT+0000 (Greenwich Mean Time),Birmingham,Official Airport Valet Parking,2024-01-23,2024-01-30,£89.99
Mon Jan 08 2024 14:46:51 GMT+0000 (Greenwich Mean Time),Birmingham,Airport Parking - BHX - Park & Ride,2024-01-23,2024-01-30,£47.20
Mon Jan 08 2024 14:46:51 GMT+0000 (Greenwich Mean Time),Birmingham,Airport Parking - BHX - Self Park,2024-01-23,2024-01-30,£52.30
Mon Jan 08 2024 14:46:51 GMT+0000 (Greenwich Mean Time),Birmingham,Airparks - Park and Ride,2024-01-23,2024-01-30,£65.99
Mon Jan 08 2024 14:46:51 GMT+0000 (Greenwich Mean Time),Birmingham,Airparks Express,2024-01-23,2024-01-30,£79.99
Mon Jan 08 2024 14:46:51 GMT+0000 (Greenwich Mean Time),Birmingham,Official Airport Car Park 2 & 3 - Flex Plus,2024-01-23,2024-01-30,£89.99
Mon Jan 08 2024 14:46:51 GMT+0000 (Greenwich Mean Time),Birmingham,Official Airport Car Park 1 - Flex Plus,2024-01-23,2024-01-30,£89.99
Mon Jan 08 2024 14:47:05 GMT+0000 (Greenwich Mean Time),Birmingham,APH Self Park,2024-01-24,2024-01-31,£69.99
Mon Jan 08 2024 14:47:05 GMT+0000 (Greenwich Mean Time),Birmingham,Official Airport Car Park 5 - Flex Plus,2024-01-24,2024-01-31,£74.99
Mon Jan 08 2024 14:47:05 GMT+0000 (Greenwich Mean Time),Birmingham,Official Airport Valet Parking,2024-01-24,2024-01-31,£89.99
Mon Jan 08 2024 14:47:05 GMT+0000 (Greenwich Mean Time),Birmingham,Airport Parking - BHX - Park & Ride,2024-01-24,2024-01-31,£47.20
Mon Jan 08 2024 14:47:05 GMT+0000 (Greenwich Mean Time),Birmingham,Airport Parking - BHX - Self Park,2024-01-24,2024-01-31,£52.30
Mon Jan 08 2024 14:47:05 GMT+0000 (Greenwich Mean Time),Birmingham,Airparks - Park and Ride,2024-01-24,2024-01-31,£65.99
Mon Jan 08 2024 14:47:05 GMT+0000 (Greenwich Mean Time),Birmingham,Airparks Express,2024-01-24,2024-01-31,£79.99
Mon Jan 08 2024 14:47:05 GMT+0000 (Greenwich Mean Time),Birmingham,Official Airport Car Park 2 & 3 - Flex Plus,2024-01-24,2024-01-31,£89.99
Mon Jan 08 2024 14:47:05 GMT+0000 (Greenwich Mean Time),Birmingham,Official Airport Car Park 1 - Flex Plus,2024-01-24,2024-01-31,£89.99
Mon Jan 08 2024 14:47:18 GMT+0000 (Greenwich Mean Time),Birmingham,APH Self Park,2024-01-25,2024-02-01,£72.99
Mon Jan 08 2024 14:47:18 GMT+0000 (Greenwich Mean Time),Birmingham,Official Airport Car Park 5 - Flex Plus,2024-01-25,2024-02-01,£74.99
Mon Jan 08 2024 14:47:18 GMT+0000 (Greenwich Mean Time),Birmingham,Official Airport Valet Parking,2024-01-25,2024-02-01,£89.99
Mon Jan 08 2024 14:47:18 GMT+0000 (Greenwich Mean Time),Birmingham,Airport Parking - BHX - Park & Ride,2024-01-25,2024-02-01,£47.20
Mon Jan 08 2024 14:47:18 GMT+0000 (Greenwich Mean Time),Birmingham,Airport Parking - BHX - Self Park,2024-01-25,2024-02-01,£52.30
Mon Jan 08 2024 14:47:18 GMT+0000 (Greenwich Mean Time),Birmingham,Airparks - Park and Ride,2024-01-25,2024-02-01,£68.99
Mon Jan 08 2024 14:47:19 GMT+0000 (Greenwich Mean Time),Birmingham,Airparks Express,2024-01-25,2024-02-01,£83.99
Mon Jan 08 2024 14:47:19 GMT+0000 (Greenwich Mean Time),Birmingham,Official Airport Car Park 2 & 3 - Flex Plus,2024-01-25,2024-02-01,£89.99
Mon Jan 08 2024 14:47:19 GMT+0000 (Greenwich Mean Time),Birmingham,Official Airport Car Park 1 - Flex Plus,2024-01-25,2024-02-01,£89.99
Mon Jan 08 2024 14:47:33 GMT+0000 (Greenwich Mean Time),Birmingham,APH Self Park,2024-01-26,2024-02-02,£72.99
Mon Jan 08 2024 14:47:33 GMT+0000 (Greenwich Mean Time),Birmingham,Official Airport Car Park 5 - Flex Plus,2024-01-26,2024-02-02,£74.99
Mon Jan 08 2024 14:47:33 GMT+0000 (Greenwich Mean Time),Birmingham,Official Airport Valet Parking,2024-01-26,2024-02-02,£89.99
Mon Jan 08 2024 14:47:33 GMT+0000 (Greenwich Mean Time),Birmingham,Airport Parking - BHX - Park & Ride,2024-01-26,2024-02-02,£47.20
Mon Jan 08 2024 14:47:34 GMT+0000 (Greenwich Mean Time),Birmingham,Airport Parking - BHX - Self Park,2024-01-26,2024-02-02,£52.30
Mon Jan 08 2024 14:47:34 GMT+0000 (Greenwich Mean Time),Birmingham,Airparks - Park and Ride,2024-01-26,2024-02-02,£68.99
Mon Jan 08 2024 14:47:34 GMT+0000 (Greenwich Mean Time),Birmingham,Airparks Express,2024-01-26,2024-02-02,£87.99
Mon Jan 08 2024 14:47:34 GMT+0000 (Greenwich Mean Time),Birmingham,Official Airport Car Park 2 & 3 - Flex Plus,2024-01-26,2024-02-02,£89.99
Mon Jan 08 2024 14:47:34 GMT+0000 (Greenwich Mean Time),Birmingham,Official Airport Car Park 1 - Flex Plus,2024-01-26,2024-02-02,£89.99
Mon Jan 08 2024 14:47:48 GMT+0000 (Greenwich Mean Time),Birmingham,APH Self Park,2024-01-27,2024-02-03,£72.99
Mon Jan 08 2024 14:47:48 GMT+0000 (Greenwich Mean Time),Birmingham,Official Airport Car Park 5 - Flex Plus,2024-01-27,2024-02-03,£74.99
Mon Jan 08 2024 14:47:48 GMT+0000 (Greenwich Mean Time),Birmingham,Official Airport Valet Parking,2024-01-27,2024-02-03,£89.99
Mon Jan 08 2024 14:47:48 GMT+0000 (Greenwich Mean Time),Birmingham,Airport Parking - BHX - Park & Ride,2024-01-27,2024-02-03,£47.20
Mon Jan 08 2024 14:47:48 GMT+0000 (Greenwich Mean Time),Birmingham,Airport Parking - BHX - Self Park,2024-01-27,2024-02-03,£52.30
Mon Jan 08 2024 14:47:48 GMT+0000 (Greenwich Mean Time),Birmingham,Airparks - Park and Ride,2024-01-27,2024-02-03,£68.99
Mon Jan 08 2024 14:47:48 GMT+0000 (Greenwich Mean Time),Birmingham,Airparks Express,2024-01-27,2024-02-03,£83.99
Mon Jan 08 2024 14:47:48 GMT+0000 (Greenwich Mean Time),Birmingham,Official Airport Car Park 2 & 3 - Flex Plus,2024-01-27,2024-02-03,£89.99
Mon Jan 08 2024 14:47:48 GMT+0000 (Greenwich Mean Time),Birmingham,Official Airport Car Park 1 - Flex Plus,2024-01-27,2024-02-03,£89.99
Mon Jan 08 2024 14:48:02 GMT+0000 (Greenwich Mean Time),Birmingham,APH Self Park,2024-01-28,2024-02-04,£69.99
Mon Jan 08 2024 14:48:02 GMT+0000 (Greenwich Mean Time),Birmingham,Official Airport Car Park 5 - Flex Plus,2024-01-28,2024-02-04,£74.99
Mon Jan 08 2024 14:48:02 GMT+0000 (Greenwich Mean Time),Birmingham,Official Airport Valet Parking,2024-01-28,2024-02-04,£89.99
Mon Jan 08 2024 14:48:02 GMT+0000 (Greenwich Mean Time),Birmingham,Airport Parking - BHX - Park & Ride,2024-01-28,2024-02-04,£47.20
Mon Jan 08 2024 14:48:02 GMT+0000 (Greenwich Mean Time),Birmingham,Airport Parking - BHX - Self Park,2024-01-28,2024-02-04,£52.30
Mon Jan 08 2024 14:48:02 GMT+0000 (Greenwich Mean Time),Birmingham,Airparks - Park and Ride,2024-01-28,2024-02-04,£65.99
Mon Jan 08 2024 14:48:02 GMT+0000 (Greenwich Mean Time),Birmingham,Airparks Express,2024-01-28,2024-02-04,£79.99
Mon Jan 08 2024 14:48:02 GMT+0000 (Greenwich Mean Time),Birmingham,Official Airport Car Park 2 & 3 - Flex Plus,2024-01-28,2024-02-04,£89.99
Mon Jan 08 2024 14:48:02 GMT+0000 (Greenwich Mean Time),Birmingham,Official Airport Car Park 1 - Flex Plus,2024-01-28,2024-02-04,£89.99
Mon Jan 08 2024 14:48:18 GMT+0000 (Greenwich Mean Time),Birmingham,APH Self Park,2024-01-29,2024-02-05,£69.99
Mon Jan 08 2024 14:48:18 GMT+0000 (Greenwich Mean Time),Birmingham,Official Airport Car Park 5 - Flex Plus,2024-01-29,2024-02-05,£74.99
Mon Jan 08 2024 14:48:18 GMT+0000 (Greenwich Mean Time),Birmingham,Official Airport Valet Parking,2024-01-29,2024-02-05,£89.99
Mon Jan 08 2024 14:48:18 GMT+0000 (Greenwich Mean Time),Birmingham,Airport Parking - BHX - Park & Ride,2024-01-29,2024-02-05,£47.20
Mon Jan 08 2024 14:48:18 GMT+0000 (Greenwich Mean Time),Birmingham,Airport Parking - BHX - Self Park,2024-01-29,2024-02-05,£52.30
Mon Jan 08 2024 14:48:18 GMT+0000 (Greenwich Mean Time),Birmingham,Airparks - Park and Ride,2024-01-29,2024-02-05,£65.99
Mon Jan 08 2024 14:48:18 GMT+0000 (Greenwich Mean Time),Birmingham,Airparks Express,2024-01-29,2024-02-05,£79.99
Mon Jan 08 2024 14:48:18 GMT+0000 (Greenwich Mean Time),Birmingham,Official Airport Car Park 2 & 3 - Flex Plus,2024-01-29,2024-02-05,£89.99
Mon Jan 08 2024 14:48:18 GMT+0000 (Greenwich Mean Time),Birmingham,Official Airport Car Park 1 - Flex Plus,2024-01-29,2024-02-05,£89.99
Mon Jan 08 2024 14:48:33 GMT+0000 (Greenwich Mean Time),Birmingham,APH Self Park,2024-01-30,2024-02-06,£69.99
Mon Jan 08 2024 14:48:33 GMT+0000 (Greenwich Mean Time),Birmingham,Official Airport Car Park 5 - Flex Plus,2024-01-30,2024-02-06,£74.99
Mon Jan 08 2024 14:48:33 GMT+0000 (Greenwich Mean Time),Birmingham,Official Airport Valet Parking,2024-01-30,2024-02-06,£89.99
Mon Jan 08 2024 14:48:33 GMT+0000 (Greenwich Mean Time),Birmingham,Airport Parking - BHX - Park & Ride,2024-01-30,2024-02-06,£47.20
Mon Jan 08 2024 14:48:33 GMT+0000 (Greenwich Mean Time),Birmingham,Airport Parking - BHX - Self Park,2024-01-30,2024-02-06,£52.30
Mon Jan 08 2024 14:48:33 GMT+0000 (Greenwich Mean Time),Birmingham,Airparks - Park and Ride,2024-01-30,2024-02-06,£65.99
Mon Jan 08 2024 14:48:33 GMT+0000 (Greenwich Mean Time),Birmingham,Airparks Express,2024-01-30,2024-02-06,£79.99
Mon Jan 08 2024 14:48:33 GMT+0000 (Greenwich Mean Time),Birmingham,Official Airport Car Park 2 & 3 - Flex Plus,2024-01-30,2024-02-06,£89.99
Mon Jan 08 2024 14:48:33 GMT+0000 (Greenwich Mean Time),Birmingham,Official Airport Car Park 1 - Flex Plus,2024-01-30,2024-02-06,£89.99
Mon Jan 08 2024 14:48:46 GMT+0000 (Greenwich Mean Time),Birmingham,APH Self Park,2024-01-31,2024-02-07,£69.99
Mon Jan 08 2024 14:48:46 GMT+0000 (Greenwich Mean Time),Birmingham,Official Airport Car Park 5 - Flex Plus,2024-01-31,2024-02-07,£74.99
Mon Jan 08 2024 14:48:46 GMT+0000 (Greenwich Mean Time),Birmingham,Official Airport Valet Parking,2024-01-31,2024-02-07,£89.99
Mon Jan 08 2024 14:48:46 GMT+0000 (Greenwich Mean Time),Birmingham,Airport Parking - BHX - Park & Ride,2024-01-31,2024-02-07,£47.20
Mon Jan 08 2024 14:48:46 GMT+0000 (Greenwich Mean Time),Birmingham,Airport Parking - BHX - Self Park,2024-01-31,2024-02-07,£52.30
Mon Jan 08 2024 14:48:47 GMT+0000 (Greenwich Mean Time),Birmingham,Airparks - Park and Ride,2024-01-31,2024-02-07,£65.99
Mon Jan 08 2024 14:48:47 GMT+0000 (Greenwich Mean Time),Birmingham,Airparks Express,2024-01-31,2024-02-07,£79.99
Mon Jan 08 2024 14:48:47 GMT+0000 (Greenwich Mean Time),Birmingham,Official Airport Car Park 2 & 3 - Flex Plus,2024-01-31,2024-02-07,£89.99
Mon Jan 08 2024 14:48:47 GMT+0000 (Greenwich Mean Time),Birmingham,Official Airport Car Park 1 - Flex Plus,2024-01-31,2024-02-07,£89.99
Mon Jan 08 2024 14:49:02 GMT+0000 (Greenwich Mean Time),Birmingham,Official Airport Car Park 5 - Flex Plus,2024-02-01,2024-02-08,£74.99
Mon Jan 08 2024 14:49:02 GMT+0000 (Greenwich Mean Time),Birmingham,APH Self Park,2024-02-01,2024-02-08,£79.99
Mon Jan 08 2024 14:49:02 GMT+0000 (Greenwich Mean Time),Birmingham,Official Airport Valet Parking,2024-02-01,2024-02-08,£89.99
Mon Jan 08 2024 14:49:02 GMT+0000 (Greenwich Mean Time),Birmingham,Airport Parking - BHX - Park & Ride,2024-02-01,2024-02-08,£47.20
Mon Jan 08 2024 14:49:02 GMT+0000 (Greenwich Mean Time),Birmingham,Airport Parking - BHX - Self Park,2024-02-01,2024-02-08,£52.30
Mon Jan 08 2024 14:49:02 GMT+0000 (Greenwich Mean Time),Birmingham,Airparks - Park and Ride,2024-02-01,2024-02-08,£75.99
Mon Jan 08 2024 14:49:02 GMT+0000 (Greenwich Mean Time),Birmingham,Official Airport Car Park 2 & 3 - Flex Plus,2024-02-01,2024-02-08,£89.99
Mon Jan 08 2024 14:49:02 GMT+0000 (Greenwich Mean Time),Birmingham,Official Airport Car Park 1 - Flex Plus,2024-02-01,2024-02-08,£89.99
Mon Jan 08 2024 14:49:02 GMT+0000 (Greenwich Mean Time),Birmingham,Airparks Express,2024-02-01,2024-02-08,£91.99
Mon Jan 08 2024 14:49:18 GMT+0000 (Greenwich Mean Time),Birmingham,Official Airport Car Park 5 - Flex Plus,2024-02-02,2024-02-09,£74.99
Mon Jan 08 2024 14:49:18 GMT+0000 (Greenwich Mean Time),Birmingham,APH Self Park,2024-02-02,2024-02-09,£79.99
Mon Jan 08 2024 14:49:18 GMT+0000 (Greenwich Mean Time),Birmingham,Official Airport Valet Parking,2024-02-02,2024-02-09,£89.99
Mon Jan 08 2024 14:49:18 GMT+0000 (Greenwich Mean Time),Birmingham,Airport Parking - BHX - Park & Ride,2024-02-02,2024-02-09,£47.20
Mon Jan 08 2024 14:49:19 GMT+0000 (Greenwich Mean Time),Birmingham,Airport Parking - BHX - Self Park,2024-02-02,2024-02-09,£52.30
Mon Jan 08 2024 14:49:19 GMT+0000 (Greenwich Mean Time),Birmingham,Airparks - Park and Ride,2024-02-02,2024-02-09,£75.99
Mon Jan 08 2024 14:49:19 GMT+0000 (Greenwich Mean Time),Birmingham,Official Airport Car Park 2 & 3 - Flex Plus,2024-02-02,2024-02-09,£89.99
Mon Jan 08 2024 14:49:19 GMT+0000 (Greenwich Mean Time),Birmingham,Official Airport Car Park 1 - Flex Plus,2024-02-02,2024-02-09,£89.99
Mon Jan 08 2024 14:49:19 GMT+0000 (Greenwich Mean Time),Birmingham,Airparks Express,2024-02-02,2024-02-09,£95.99
Mon Jan 08 2024 14:49:33 GMT+0000 (Greenwich Mean Time),Birmingham,Official Airport Car Park 5 - Flex Plus,2024-02-03,2024-02-10,£74.99
Mon Jan 08 2024 14:49:33 GMT+0000 (Greenwich Mean Time),Birmingham,APH Self Park,2024-02-03,2024-02-10,£79.99
Mon Jan 08 2024 14:49:33 GMT+0000 (Greenwich Mean Time),Birmingham,Official Airport Valet Parking,2024-02-03,2024-02-10,£89.99
Mon Jan 08 2024 14:49:33 GMT+0000 (Greenwich Mean Time),Birmingham,Airport Parking - BHX - Park & Ride,2024-02-03,2024-02-10,£47.20
Mon Jan 08 2024 14:49:33 GMT+0000 (Greenwich Mean Time),Birmingham,Airport Parking - BHX - Self Park,2024-02-03,2024-02-10,£52.30
Mon Jan 08 2024 14:49:33 GMT+0000 (Greenwich Mean Time),Birmingham,Airparks - Park and Ride,2024-02-03,2024-02-10,£75.99
Mon Jan 08 2024 14:49:33 GMT+0000 (Greenwich Mean Time),Birmingham,Official Airport Car Park 2 & 3 - Flex Plus,2024-02-03,2024-02-10,£89.99
Mon Jan 08 2024 14:49:33 GMT+0000 (Greenwich Mean Time),Birmingham,Official Airport Car Park 1 - Flex Plus,2024-02-03,2024-02-10,£89.99
Mon Jan 08 2024 14:49:33 GMT+0000 (Greenwich Mean Time),Birmingham,Airparks Express,2024-02-03,2024-02-10,£95.99
Mon Jan 08 2024 14:50:06 GMT+0000 (Greenwich Mean Time),Birmingham,Official Airport Car Park 5 - Flex Plus,2024-02-04,2024-02-11,£74.99
Mon Jan 08 2024 14:50:06 GMT+0000 (Greenwich Mean Time),Birmingham,APH Self Park,2024-02-04,2024-02-11,£79.99
Mon Jan 08 2024 14:50:06 GMT+0000 (Greenwich Mean Time),Birmingham,Official Airport Valet Parking,2024-02-04,2024-02-11,£89.99
Mon Jan 08 2024 14:50:06 GMT+0000 (Greenwich Mean Time),Birmingham,Airport Parking - BHX - Park & Ride,2024-02-04,2024-02-11,£47.20
Mon Jan 08 2024 14:50:06 GMT+0000 (Greenwich Mean Time),Birmingham,Airport Parking - BHX - Self Park,2024-02-04,2024-02-11,£52.30
Mon Jan 08 2024 14:50:06 GMT+0000 (Greenwich Mean Time),Birmingham,Airparks - Park and Ride,2024-02-04,2024-02-11,£75.99
Mon Jan 08 2024 14:50:06 GMT+0000 (Greenwich Mean Time),Birmingham,Official Airport Car Park 2 & 3 - Flex Plus,2024-02-04,2024-02-11,£89.99
Mon Jan 08 2024 14:50:06 GMT+0000 (Greenwich Mean Time),Birmingham,Official Airport Car Park 1 - Flex Plus,2024-02-04,2024-02-11,£89.99
Mon Jan 08 2024 14:50:06 GMT+0000 (Greenwich Mean Time),Birmingham,Airparks Express,2024-02-04,2024-02-11,£95.99
Mon Jan 08 2024 14:50:21 GMT+0000 (Greenwich Mean Time),Birmingham,Official Airport Car Park 5 - Flex Plus,2024-02-05,2024-02-12,£74.99
Mon Jan 08 2024 14:50:21 GMT+0000 (Greenwich Mean Time),Birmingham,APH Self Park,2024-02-05,2024-02-12,£79.99
Mon Jan 08 2024 14:50:21 GMT+0000 (Greenwich Mean Time),Birmingham,Official Airport Valet Parking,2024-02-05,2024-02-12,£89.99
Mon Jan 08 2024 14:50:21 GMT+0000 (Greenwich Mean Time),Birmingham,Airport Parking - BHX - Park & Ride,2024-02-05,2024-02-12,£47.20
Mon Jan 08 2024 14:50:21 GMT+0000 (Greenwich Mean Time),Birmingham,Airport Parking - BHX - Self Park,2024-02-05,2024-02-12,£52.30
Mon Jan 08 2024 14:50:21 GMT+0000 (Greenwich Mean Time),Birmingham,Airparks - Park and Ride,2024-02-05,2024-02-12,£75.99
Mon Jan 08 2024 14:50:21 GMT+0000 (Greenwich Mean Time),Birmingham,Official Airport Car Park 2 & 3 - Flex Plus,2024-02-05,2024-02-12,£89.99
Mon Jan 08 2024 14:50:21 GMT+0000 (Greenwich Mean Time),Birmingham,Official Airport Car Park 1 - Flex Plus,2024-02-05,2024-02-12,£89.99
Mon Jan 08 2024 14:50:21 GMT+0000 (Greenwich Mean Time),Birmingham,Airparks Express,2024-02-05,2024-02-12,£95.99
Mon Jan 08 2024 14:50:35 GMT+0000 (Greenwich Mean Time),Birmingham,Official Airport Car Park 5 - Flex Plus,2024-02-06,2024-02-13,£74.99
Mon Jan 08 2024 14:50:35 GMT+0000 (Greenwich Mean Time),Birmingham,APH Self Park,2024-02-06,2024-02-13,£79.99
Mon Jan 08 2024 14:50:35 GMT+0000 (Greenwich Mean Time),Birmingham,Official Airport Valet Parking,2024-02-06,2024-02-13,£89.99
Mon Jan 08 2024 14:50:35 GMT+0000 (Greenwich Mean Time),Birmingham,Airport Parking - BHX - Park & Ride,2024-02-06,2024-02-13,£47.20
Mon Jan 08 2024 14:50:35 GMT+0000 (Greenwich Mean Time),Birmingham,Airport Parking - BHX - Self Park,2024-02-06,2024-02-13,£52.30
Mon Jan 08 2024 14:50:35 GMT+0000 (Greenwich Mean Time),Birmingham,Airparks - Park and Ride,2024-02-06,2024-02-13,£75.99
Mon Jan 08 2024 14:50:35 GMT+0000 (Greenwich Mean Time),Birmingham,Official Airport Car Park 2 & 3 - Flex Plus,2024-02-06,2024-02-13,£89.99
Mon Jan 08 2024 14:50:35 GMT+0000 (Greenwich Mean Time),Birmingham,Official Airport Car Park 1 - Flex Plus,2024-02-06,2024-02-13,£89.99
Mon Jan 08 2024 14:50:35 GMT+0000 (Greenwich Mean Time),Birmingham,Airparks Express,2024-02-06,2024-02-13,£95.99
Mon Jan 08 2024 14:50:51 GMT+0000 (Greenwich Mean Time),Birmingham,Official Airport Car Park 5 - Flex Plus,2024-02-07,2024-02-14,£74.99
Mon Jan 08 2024 14:50:51 GMT+0000 (Greenwich Mean Time),Birmingham,APH Self Park,2024-02-07,2024-02-14,£79.99
Mon Jan 08 2024 14:50:51 GMT+0000 (Greenwich Mean Time),Birmingham,Official Airport Valet Parking,2024-02-07,2024-02-14,£89.99
Mon Jan 08 2024 14:50:51 GMT+0000 (Greenwich Mean Time),Birmingham,Airport Parking - BHX - Park & Ride,2024-02-07,2024-02-14,£47.20
Mon Jan 08 2024 14:50:51 GMT+0000 (Greenwich Mean Time),Birmingham,Airport Parking - BHX - Self Park,2024-02-07,2024-02-14,£52.30
Mon Jan 08 2024 14:50:51 GMT+0000 (Greenwich Mean Time),Birmingham,Airparks - Park and Ride,2024-02-07,2024-02-14,£75.99
Mon Jan 08 2024 14:50:51 GMT+0000 (Greenwich Mean Time),Birmingham,Official Airport Car Park 2 & 3 - Flex Plus,2024-02-07,2024-02-14,£89.99
Mon Jan 08 2024 14:50:51 GMT+0000 (Greenwich Mean Time),Birmingham,Official Airport Car Park 1 - Flex Plus,2024-02-07,2024-02-14,£89.99
Mon Jan 08 2024 14:50:51 GMT+0000 (Greenwich Mean Time),Birmingham,Airparks Express,2024-02-07,2024-02-14,£95.99
